{"acc": 91.18, "_timestamp": 1671360011.5421686, "loss": 0.0008245328068733215, "_runtime": 7774.159678697586, "_step": 149, "_wandb": {"runtime": 7773}}