{"acc": 62.58, "_timestamp": 1671368360.4553654, "loss": 0.00871905573606491, "_runtime": 6663.030037403107, "_step": 71, "_wandb": {"runtime": 6747}}