{"acc": 50.57, "_timestamp": 1671354272.3000193, "loss": 0.010426741790771485, "_runtime": 1975.973581314087, "_step": 37, "_wandb": {"runtime": 2009}}