{"acc": 7.46, "_timestamp": 1671300986.3734124, "_runtime": 560.2472314834595, "_step": 0, "_wandb": {"runtime": 557}}