{"acc": 89.72, "_timestamp": 1671368430.0286076, "loss": 0.0009251931518316269, "_runtime": 6817.086180686951, "_step": 71, "_wandb": {"runtime": 6833}}