{"acc": 8.23, "_timestamp": 1671343214.7232153, "loss": 0.01568070089817047, "_runtime": 782.0193722248077, "_step": 9, "_wandb": {"runtime": 785}}