{"acc": 65.76, "_timestamp": 1671351286.3428135, "loss": 0.008463785707950592, "_runtime": 7899.6979994773865, "_step": 149, "_wandb": {"runtime": 7902}}