{"acc": 79.11, "_timestamp": 1671351079.5524638, "loss": 0.0015389460384845734, "_runtime": 1215.096432685852, "_step": 21, "_wandb": {"runtime": 1223}}