{"acc": 18.05, "_timestamp": 1671343167.1380205, "loss": 0.010101715517044068, "_runtime": 697.6067526340485, "_step": 8, "_wandb": {"runtime": 749}}