{"acc": 66.02, "_timestamp": 1671395268.5977845, "loss": 0.0036352428793907164, "_runtime": 19622.611976623535, "_step": 249, "_wandb": {"runtime": 19625}}