{"acc": 82.85, "_timestamp": 1671352189.3475778, "loss": 0.001056376576423645, "_runtime": 734.575306892395, "_step": 15, "_wandb": {"runtime": 747}}