{"acc": 61.42, "_timestamp": 1671336100.666946, "loss": 0.006942794924974441, "_runtime": 35001.943017959595, "_step": 63}