{"acc": 46.11, "_timestamp": 1671352167.8524785, "loss": 0.007873802280426025, "_runtime": 704.980322599411, "_step": 14, "_wandb": {"runtime": 738}}