{"acc": 64.32, "_timestamp": 1671342051.6051648, "loss": 0.006549680137634278, "_runtime": 2758.70729470253, "_step": 56, "_wandb": {"runtime": 2764}}