{"acc": 61.39, "_timestamp": 1671349762.916218, "loss": 0.004211490380764007, "_runtime": 6402.50386095047, "_step": 117, "_wandb": {"runtime": 6431}}