{"acc": 46.2, "_timestamp": 1671342049.1172931, "loss": 0.006314532852172852, "_runtime": 1322.640042066574, "_step": 20, "_wandb": {"runtime": 1334}}