{"acc": 92.62, "_timestamp": 1671397560.5014608, "loss": 0.0014732864916324616, "_runtime": 18514.729027748108, "_step": 249, "_wandb": {"runtime": 18515}}