{"acc": 62.28, "_timestamp": 1671361373.908492, "loss": 0.007793571710586548, "_runtime": 7021.127135038376, "_step": 149, "_wandb": {"runtime": 7020}}